section,artist,title,note
Classic rock,Warren Zevon,Sentimental Hygiene,
Classic rock,Faces,Long Player,
Classic rock,Faces,A Nod Is as Good as a Wink... to a Blind Horse,
Classic rock,Faces,Ooh La La,
Classic rock,Tom Petty and the Heartbreakers,Greatest Hits,1993; 2016 reissue
Classic rock,Tom Petty and the Heartbreakers,Wildflowers,2020 reissue
Classic rock,Steve Miller Band,Greatest Hits 1974-78,
Classic rock,Rod Stewart,Gasoline Alley,1970
Classic rock,Aerosmith,Aerosmith,1973
Classic rock,Aerosmith,Get Your Wings,1974
Classic rock,Aerosmith,Rocks,1976
Classic rock,The Allman Brothers Band,Brothers and Sisters,
Classic rock,The Jimi Hendrix Experience,Electric Ladyland,double LP
Classic rock,The Who,Who's Next,
Classic rock,Eric Clapton,Layla and Other Assorted Love Songs,
Classic rock,Deep Purple,Machine Head,
Classic rock,Blue Oyster Cult,Spectres,
Classic rock,George Thorogood and the Destroyers,George Thorogood and the Destroyers,
Classic rock,Jackson 5,Greatest Hits,1971 Motown
Classic rock,Elvis Presley,Aloha from Hawaii via Satellite,1973
Classic rock,Van Morrison,Moondance,
Classic rock,Pink Floyd,The Dark Side of the Moon,original pressing
Classic rock,Pink Floyd,The Wall,double LP
Classic rock,Queen,Greatest Hits,1981
Classic rock,Queen,Greatest Hits II,1991
Classic rock,Mötley Crüe,Too Fast for Love,Leathür original
Classic rock,Mötley Crüe,"Girls, Girls, Girls",1987
"Punk, hardcore, pop-punk",Johnny Thunders,So Alone,
"Punk, hardcore, pop-punk",Johnny Thunders,L.A.M.F.,Lost '77 Mixes
"Punk, hardcore, pop-punk",Sex Pistols,Never Mind the Bollocks,Warner US original
"Punk, hardcore, pop-punk",Sex Pistols,The Great Rock 'n' Roll Swindle,UK double
"Punk, hardcore, pop-punk",The Clash,Give 'Em Enough Rope,
"Punk, hardcore, pop-punk",The Clash,Combat Rock,
"Punk, hardcore, pop-punk",Ramones,Ramones,1976
"Punk, hardcore, pop-punk",Ramones,Leave Home,
"Punk, hardcore, pop-punk",Ramones,Road to Ruin,
"Punk, hardcore, pop-punk",Ramones,It's Alive,
"Punk, hardcore, pop-punk",Operation Ivy,Energy,1989 Lookout
"Punk, hardcore, pop-punk",NOFX,Punk in Drublic,
"Punk, hardcore, pop-punk",Green Day,39/Smooth,"Lookout; or 1,039/Smoothed Out"
"Punk, hardcore, pop-punk",Green Day,Insomniac,
"Punk, hardcore, pop-punk",Green Day,Nimrod,
"Punk, hardcore, pop-punk",Blink-182,Cheshire Cat,1995 original
"Punk, hardcore, pop-punk",Blink-182,Dude Ranch,1997 original
"80s: new wave, post-punk, synth-pop",The English Beat,I Just Can't Stop It,
"80s: new wave, post-punk, synth-pop",The English Beat,Special Beat Service,
"80s: new wave, post-punk, synth-pop",Joy Division,Substance,
"80s: new wave, post-punk, synth-pop",New Order,Substance,1987; double LP
"80s: new wave, post-punk, synth-pop",The Cure,Disintegration,2010 2LP
"80s: new wave, post-punk, synth-pop",The Cure,Galore,or Greatest Hits (2001)
"80s: new wave, post-punk, synth-pop",The Smiths,Louder Than Bombs,US double LP
"80s: new wave, post-punk, synth-pop",The Smiths,"Strangeways, Here We Come",
"80s: new wave, post-punk, synth-pop",Morrissey,Bona Drag,
"80s: new wave, post-punk, synth-pop",Depeche Mode,Speak & Spell,1981
"80s: new wave, post-punk, synth-pop",Depeche Mode,"""Stripped"" 12-inch single",
"80s: new wave, post-punk, synth-pop",Book of Love,Book of Love,
"80s: new wave, post-punk, synth-pop",The Psychedelic Furs,Midnight to Midnight,
"80s: new wave, post-punk, synth-pop",The Psychedelic Furs,All of This and Nothing,1988
"90s alt, metal, indie",The Replacements,For Sale: Live at Maxwell's 1986,
"90s alt, metal, indie",The Replacements,Let It Be,
"90s alt, metal, indie",The Replacements,Tim,
"90s alt, metal, indie",The Replacements,Pleased to Meet Me,
"90s alt, metal, indie",Camper Van Beethoven,Telephone Free Landslide Victory,
"90s alt, metal, indie",Stone Temple Pilots,Core,1992 original
"90s alt, metal, indie",Stone Temple Pilots,Purple,1994 original
"90s alt, metal, indie",Pixies,Come On Pilgrim,1987 mini-LP
"90s alt, metal, indie",Pixies,Surfer Rosa,
"90s alt, metal, indie",Pixies,Bossanova,
"90s alt, metal, indie",Pixies,Trompe le Monde,
"90s alt, metal, indie",Pixies,Head Carrier,2016
"90s alt, metal, indie",R.E.M.,Document,1987
"90s alt, metal, indie",R.E.M.,Out of Time,1991
"90s alt, metal, indie",R.E.M.,Automatic for the People,1992
"90s alt, metal, indie",The Smashing Pumpkins,Siamese Dream,1993; double LP
"90s alt, metal, indie",The Smashing Pumpkins,Mellon Collie and the Infinite Sadness,
"90s alt, metal, indie",Weezer,Pinkerton,1996
"90s alt, metal, indie",The Wallflowers,Bringing Down the Horse,
"90s alt, metal, indie",The Hold Steady,Boys and Girls in America,
"90s alt, metal, indie",The Hold Steady,Stay Positive,
"90s alt, metal, indie",The Mountain Goats,Zopilote Machine,
"90s alt, metal, indie",The Mountain Goats,All Hail West Texas,
"90s alt, metal, indie",The Mountain Goats,We Shall All Be Healed,
"90s alt, metal, indie",The Mountain Goats,Beat the Champ,
"Americana, alt-country",Whiskeytown,Strangers Almanac,2008 LP or new deluxe 2LP
"Americana, alt-country",Whiskeytown,Pneumonia,
"Americana, alt-country",Robert Earl Keen,No. 2 Live Dinner,
"Americana, alt-country",Ryan Adams,Heartbreaker,2016 reissue
"Americana, alt-country",Ryan Adams,Ashes & Fire,
"Americana, alt-country",Ryan Adams,1989,
"Americana, alt-country",Justin Townes Earle,Midnight at the Movies,
"Americana, alt-country",Justin Townes Earle,Harlem River Blues,
"Americana, alt-country",Band of Horses,Everything All the Time,
"Americana, alt-country",Band of Horses,Cease to Begin,
"Americana, alt-country",Band of Horses,Infinite Arms,
Hip hop,Jay-Z,The Black Album,
Hip hop,Jay-Z,American Gangster,
Hip hop,Jay-Z,The Blueprint 3,
Hip hop,Beastie Boys,Licensed to Ill,
Hip hop,Beastie Boys,Ill Communication,double LP
Hip hop,Beastie Boys,Hello Nasty,double LP
Hip hop,The Notorious B.I.G.,Ready to Die,
Hip hop,The Notorious B.I.G.,Life After Death,
Hip hop,Dr. Dre,The Chronic,
Hip hop,Dr. Dre,2001,
Hip hop,Snoop Dogg,Doggystyle,
Hip hop,2Pac,All Eyez on Me,double LP
Hip hop,Eminem,The Slim Shady LP,
Hip hop,Eminem,The Marshall Mathers LP,
Hip hop,Cypress Hill,Cypress Hill,1991
Hip hop,Cypress Hill,Black Sunday,1993
Hip hop,De La Soul,De La Soul Is Dead,
Hip hop,Big Pun,Capital Punishment,
Hip hop,Wu-Tang Clan,Enter the Wu-Tang (36 Chambers),
Hip hop,Ol' Dirty Bastard,Return to the 36 Chambers,
Hip hop,Redman,Doc's da Name 2000,
Hip hop,Method Man and Redman,Blackout!,
